system:index,NDVI,NDVI_raw,date,sensor,site_key,site_label,.geo
1_1_1_1_1_2_0,0.801681386169877,0.8107979160088414,2016-01-01,MODIS_MOD13Q1_250m,SHO_Mukurthi,2016-01-01,"{""type"":""MultiPoint"",""coordinates"":[]}"
1_1_1_1_1_2_1,0.8070454078890626,0.7925648563309127,2016-01-17,MODIS_MOD13Q1_250m,SHO_Mukurthi,2016-01-01,"{""type"":""MultiPoint"",""coordinates"":[]}"
1_1_1_1_1_2_2,0.7892419727592719,0.8177734513274338,2016-02-02,MODIS_MOD13Q1_250m,SHO_Mukurthi,2016-01-01,"{""type"":""MultiPoint"",""coordinates"":[]}"
1_1_1_1_1_2_3,0.7756944584913614,0.7573876106194694,2016-02-18,MODIS_MOD13Q1_250m,SHO_Mukurthi,2016-01-01,"{""type"":""MultiPoint"",""coordinates"":[]}"
1_1_1_1_1_2_4,0.7509750210703753,0.751922313527181,2016-03-05,MODIS_MOD13Q1_250m,SHO_Mukurthi,2016-01-01,"{""type"":""MultiPoint"",""coordinates"":[]}"
1_1_1_1_1_2_5,0.7390651390644756,0.7436151390644756,2016-03-21,MODIS_MOD13Q1_250m,SHO_Mukurthi,2016-01-01,"{""type"":""MultiPoint"",""coordinates"":[]}"
1_1_1_1_1_2_6,0.7438504846186264,0.7216579646017701,2016-04-06,MODIS_MOD13Q1_250m,SHO_Mukurthi,2016-01-01,"{""type"":""MultiPoint"",""coordinates"":[]}"
1_1_1_1_1_2_7,0.7362071955330807,0.7662783501896335,2016-04-22,MODIS_MOD13Q1_250m,SHO_Mukurthi,2016-01-01,"{""type"":""MultiPoint"",""coordinates"":[]}"
1_1_1_1_1_2_8,0.7412802781289508,0.7206852718078385,2016-05-08,MODIS_MOD13Q1_250m,SHO_Mukurthi,2016-01-01,"{""type"":""MultiPoint"",""coordinates"":[]}"
1_1_1_1_1_2_9,0.6985084996172634,0.7368772123893805,2016-05-24,MODIS_MOD13Q1_250m,SHO_Mukurthi,2016-01-01,"{""type"":""MultiPoint"",""coordinates"":[]}"
1_1_1_1_1_2_10,0.6605606331889301,0.637963014654571,2016-06-25,MODIS_MOD13Q1_250m,SHO_Mukurthi,2016-01-01,"{""type"":""MultiPoint"",""coordinates"":[]}"
1_1_1_1_1_2_11,0.6634192825778894,0.606841672522839,2016-07-27,MODIS_MOD13Q1_250m,SHO_Mukurthi,2016-01-01,"{""type"":""MultiPoint"",""coordinates"":[]}"
1_1_1_1_1_2_12,0.7175292722147351,0.7454531605562583,2016-08-28,MODIS_MOD13Q1_250m,SHO_Mukurthi,2016-01-01,"{""type"":""MultiPoint"",""coordinates"":[]}"
1_1_1_1_1_2_13,0.7666387967864653,0.8002929835651076,2016-09-29,MODIS_MOD13Q1_250m,SHO_Mukurthi,2016-01-01,"{""type"":""MultiPoint"",""coordinates"":[]}"
1_1_1_1_1_2_14,0.7932517260063716,0.7541702462380301,2016-10-15,MODIS_MOD13Q1_250m,SHO_Mukurthi,2016-01-01,"{""type"":""MultiPoint"",""coordinates"":[]}"
1_1_1_1_1_2_15,0.7999646637023304,0.8252919482159772,2016-10-31,MODIS_MOD13Q1_250m,SHO_Mukurthi,2016-01-01,"{""type"":""MultiPoint"",""coordinates"":[]}"
1_1_1_1_1_2_16,0.8200045245887665,0.8204317966529838,2016-11-16,MODIS_MOD13Q1_250m,SHO_Mukurthi,2016-01-01,"{""type"":""MultiPoint"",""coordinates"":[]}"
1_1_1_1_1_2_17,0.8188128380055785,0.8142898288973383,2016-12-02,MODIS_MOD13Q1_250m,SHO_Mukurthi,2016-01-01,"{""type"":""MultiPoint"",""coordinates"":[]}"
1_1_1_1_1_2_18,0.8254158482150302,0.8217168884664132,2016-12-18,MODIS_MOD13Q1_250m,SHO_Mukurthi,2016-01-01,"{""type"":""MultiPoint"",""coordinates"":[]}"
1_1_1_1_1_2_19,0.8292270693372416,0.840240827281339,2017-01-01,MODIS_MOD13Q1_250m,SHO_Mukurthi,2016-01-01,"{""type"":""MultiPoint"",""coordinates"":[]}"
1_1_1_1_1_2_20,0.820155205124459,0.8257234922639723,2017-01-17,MODIS_MOD13Q1_250m,SHO_Mukurthi,2016-01-01,"{""type"":""MultiPoint"",""coordinates"":[]}"
1_1_1_1_1_2_21,0.8012538273833977,0.7945012958280661,2017-02-02,MODIS_MOD13Q1_250m,SHO_Mukurthi,2016-01-01,"{""type"":""MultiPoint"",""coordinates"":[]}"
1_1_1_1_1_2_22,0.7531138778216214,0.7835366940581544,2017-02-18,MODIS_MOD13Q1_250m,SHO_Mukurthi,2016-01-01,"{""type"":""MultiPoint"",""coordinates"":[]}"
1_1_1_1_1_2_23,0.7375465369029529,0.6813036435786437,2017-03-06,MODIS_MOD13Q1_250m,SHO_Mukurthi,2016-01-01,"{""type"":""MultiPoint"",""coordinates"":[]}"
1_1_1_1_1_2_24,0.7167214842270154,0.7477992730720608,2017-03-22,MODIS_MOD13Q1_250m,SHO_Mukurthi,2016-01-01,"{""type"":""MultiPoint"",""coordinates"":[]}"
1_1_1_1_1_2_25,0.7310805682403198,0.7210615360303416,2017-04-07,MODIS_MOD13Q1_250m,SHO_Mukurthi,2016-01-01,"{""type"":""MultiPoint"",""coordinates"":[]}"
1_1_1_1_1_2_26,0.7257408105496328,0.7243808956185569,2017-04-23,MODIS_MOD13Q1_250m,SHO_Mukurthi,2016-01-01,"{""type"":""MultiPoint"",""coordinates"":[]}"
1_1_1_1_1_2_27,0.7447708885100205,0.73178,2017-05-09,MODIS_MOD13Q1_250m,SHO_Mukurthi,2016-01-01,"{""type"":""MultiPoint"",""coordinates"":[]}"
1_1_1_1_1_2_28,0.7510997597977246,0.7781517699115047,2017-05-25,MODIS_MOD13Q1_250m,SHO_Mukurthi,2016-01-01,"{""type"":""MultiPoint"",""coordinates"":[]}"
1_1_1_1_1_2_29,0.7583156868942269,0.743367509481669,2017-07-12,MODIS_MOD13Q1_250m,SHO_Mukurthi,2016-01-01,"{""type"":""MultiPoint"",""coordinates"":[]}"
1_1_1_1_1_2_30,0.7449320489210399,0.7534277812895072,2017-07-28,MODIS_MOD13Q1_250m,SHO_Mukurthi,2016-01-01,"{""type"":""MultiPoint"",""coordinates"":[]}"
1_1_1_1_1_2_31,0.7546206709185115,0.7380008559919436,2017-09-14,MODIS_MOD13Q1_250m,SHO_Mukurthi,2016-01-01,"{""type"":""MultiPoint"",""coordinates"":[]}"
1_1_1_1_1_2_32,0.7799368814917281,0.7724333754740836,2017-10-16,MODIS_MOD13Q1_250m,SHO_Mukurthi,2016-01-01,"{""type"":""MultiPoint"",""coordinates"":[]}"
1_1_1_1_1_2_33,0.8029628216512764,0.829376413009157,2017-11-01,MODIS_MOD13Q1_250m,SHO_Mukurthi,2016-01-01,"{""type"":""MultiPoint"",""coordinates"":[]}"
1_1_1_1_1_2_34,0.7980641700885167,0.8070786764705884,2017-11-17,MODIS_MOD13Q1_250m,SHO_Mukurthi,2016-01-01,"{""type"":""MultiPoint"",""coordinates"":[]}"
1_1_1_1_1_2_35,0.801650274919854,0.7577374207858049,2017-12-03,MODIS_MOD13Q1_250m,SHO_Mukurthi,2016-01-01,"{""type"":""MultiPoint"",""coordinates"":[]}"
1_1_1_1_1_2_36,0.7996084931724218,0.8401347275031686,2017-12-19,MODIS_MOD13Q1_250m,SHO_Mukurthi,2016-01-01,"{""type"":""MultiPoint"",""coordinates"":[]}"
1_1_1_1_1_2_37,0.812880326492215,0.8009533312282918,2018-01-01,MODIS_MOD13Q1_250m,SHO_Mukurthi,2016-01-01,"{""type"":""MultiPoint"",""coordinates"":[]}"
1_1_1_1_1_2_38,0.8048312875309819,0.7975529207451846,2018-01-17,MODIS_MOD13Q1_250m,SHO_Mukurthi,2016-01-01,"{""type"":""MultiPoint"",""coordinates"":[]}"
1_1_1_1_1_2_39,0.80724764446247,0.8159876106194692,2018-02-02,MODIS_MOD13Q1_250m,SHO_Mukurthi,2016-01-01,"{""type"":""MultiPoint"",""coordinates"":[]}"
1_1_1_1_1_2_40,0.7871028445006324,0.8082024020227561,2018-02-18,MODIS_MOD13Q1_250m,SHO_Mukurthi,2016-01-01,"{""type"":""MultiPoint"",""coordinates"":[]}"
1_1_1_1_1_2_41,0.7830757058575645,0.7371185208596716,2018-03-06,MODIS_MOD13Q1_250m,SHO_Mukurthi,2016-01-01,"{""type"":""MultiPoint"",""coordinates"":[]}"
1_1_1_1_1_2_42,0.771999115044248,0.8039061946902657,2018-03-22,MODIS_MOD13Q1_250m,SHO_Mukurthi,2016-01-01,"{""type"":""MultiPoint"",""coordinates"":[]}"
1_1_1_1_1_2_43,0.7783827222924571,0.7749726295828068,2018-04-07,MODIS_MOD13Q1_250m,SHO_Mukurthi,2016-01-01,"{""type"":""MultiPoint"",""coordinates"":[]}"
1_1_1_1_1_2_44,0.7783011389030291,0.7562693426042988,2018-04-23,MODIS_MOD13Q1_250m,SHO_Mukurthi,2016-01-01,"{""type"":""MultiPoint"",""coordinates"":[]}"
1_1_1_1_1_2_45,0.7750262740202595,0.8036614445219821,2018-05-09,MODIS_MOD13Q1_250m,SHO_Mukurthi,2016-01-01,"{""type"":""MultiPoint"",""coordinates"":[]}"
1_1_1_1_1_2_46,0.7393139794564161,0.7651480349344978,2018-07-28,MODIS_MOD13Q1_250m,SHO_Mukurthi,2016-01-01,"{""type"":""MultiPoint"",""coordinates"":[]}"
1_1_1_1_1_2_47,0.7073018839583599,0.6491324589127686,2018-08-29,MODIS_MOD13Q1_250m,SHO_Mukurthi,2016-01-01,"{""type"":""MultiPoint"",""coordinates"":[]}"
1_1_1_1_1_2_48,0.7048685103244839,0.7076251580278131,2018-09-30,MODIS_MOD13Q1_250m,SHO_Mukurthi,2016-01-01,"{""type"":""MultiPoint"",""coordinates"":[]}"
1_1_1_1_1_2_49,0.7548877822562029,0.7578479140328701,2018-10-16,MODIS_MOD13Q1_250m,SHO_Mukurthi,2016-01-01,"{""type"":""MultiPoint"",""coordinates"":[]}"
1_1_1_1_1_2_50,0.7954998467258289,0.7991902747079255,2018-11-01,MODIS_MOD13Q1_250m,SHO_Mukurthi,2016-01-01,"{""type"":""MultiPoint"",""coordinates"":[]}"
1_1_1_1_1_2_51,0.8109939303033807,0.8294613514366909,2018-11-17,MODIS_MOD13Q1_250m,SHO_Mukurthi,2016-01-01,"{""type"":""MultiPoint"",""coordinates"":[]}"
1_1_1_1_1_2_52,0.8123666587594208,0.8043301647655259,2018-12-03,MODIS_MOD13Q1_250m,SHO_Mukurthi,2016-01-01,"{""type"":""MultiPoint"",""coordinates"":[]}"
1_1_1_1_1_2_53,0.8047701320780188,0.8033084600760457,2018-12-19,MODIS_MOD13Q1_250m,SHO_Mukurthi,2016-01-01,"{""type"":""MultiPoint"",""coordinates"":[]}"
1_1_1_1_1_2_54,0.7972258386549665,0.8066717713924851,2019-01-01,MODIS_MOD13Q1_250m,SHO_Mukurthi,2016-01-01,"{""type"":""MultiPoint"",""coordinates"":[]}"
1_1_1_1_1_2_55,0.7935740089372455,0.7816972844963688,2019-01-17,MODIS_MOD13Q1_250m,SHO_Mukurthi,2016-01-01,"{""type"":""MultiPoint"",""coordinates"":[]}"
1_1_1_1_1_2_56,0.7753454285868638,0.7923529709228826,2019-02-02,MODIS_MOD13Q1_250m,SHO_Mukurthi,2016-01-01,"{""type"":""MultiPoint"",""coordinates"":[]}"
1_1_1_1_1_2_57,0.7528825853350192,0.7519860303413403,2019-02-18,MODIS_MOD13Q1_250m,SHO_Mukurthi,2016-01-01,"{""type"":""MultiPoint"",""coordinates"":[]}"
1_1_1_1_1_2_58,0.7183591445427732,0.7143087547408348,2019-03-06,MODIS_MOD13Q1_250m,SHO_Mukurthi,2016-01-01,"{""type"":""MultiPoint"",""coordinates"":[]}"
1_1_1_1_1_2_59,0.6842178150021073,0.6887826485461445,2019-03-22,MODIS_MOD13Q1_250m,SHO_Mukurthi,2016-01-01,"{""type"":""MultiPoint"",""coordinates"":[]}"
1_1_1_1_1_2_60,0.6635455646860516,0.6495620417193428,2019-04-07,MODIS_MOD13Q1_250m,SHO_Mukurthi,2016-01-01,"{""type"":""MultiPoint"",""coordinates"":[]}"
1_1_1_1_1_2_61,0.665523050990308,0.6522920037926677,2019-04-23,MODIS_MOD13Q1_250m,SHO_Mukurthi,2016-01-01,"{""type"":""MultiPoint"",""coordinates"":[]}"
1_1_1_1_1_2_62,0.6717120627897181,0.6947151074589132,2019-05-09,MODIS_MOD13Q1_250m,SHO_Mukurthi,2016-01-01,"{""type"":""MultiPoint"",""coordinates"":[]}"
1_1_1_1_1_2_63,0.6386815062670284,0.668129077117573,2019-05-25,MODIS_MOD13Q1_250m,SHO_Mukurthi,2016-01-01,"{""type"":""MultiPoint"",""coordinates"":[]}"
1_1_1_1_1_2_64,0.5966849379488814,0.553200334224599,2019-06-26,MODIS_MOD13Q1_250m,SHO_Mukurthi,2016-01-01,"{""type"":""MultiPoint"",""coordinates"":[]}"
1_1_1_1_1_2_65,0.6347965591222997,0.5687254025044725,2019-09-14,MODIS_MOD13Q1_250m,SHO_Mukurthi,2016-01-01,"{""type"":""MultiPoint"",""coordinates"":[]}"
1_1_1_1_1_2_66,0.7177215924357082,0.7824639406378276,2019-11-01,MODIS_MOD13Q1_250m,SHO_Mukurthi,2016-01-01,"{""type"":""MultiPoint"",""coordinates"":[]}"
1_1_1_1_1_2_67,0.7951743839118265,0.8019754341648249,2019-11-17,MODIS_MOD13Q1_250m,SHO_Mukurthi,2016-01-01,"{""type"":""MultiPoint"",""coordinates"":[]}"
1_1_1_1_1_2_68,0.8053705291745024,0.8010837769328265,2019-12-03,MODIS_MOD13Q1_250m,SHO_Mukurthi,2016-01-01,"{""type"":""MultiPoint"",""coordinates"":[]}"
1_1_1_1_1_2_69,0.8038142614132139,0.8130523764258555,2019-12-19,MODIS_MOD13Q1_250m,SHO_Mukurthi,2016-01-01,"{""type"":""MultiPoint"",""coordinates"":[]}"
1_1_1_1_1_2_70,0.8023524445995879,0.7973066308809599,2020-01-01,MODIS_MOD13Q1_250m,SHO_Mukurthi,2016-01-01,"{""type"":""MultiPoint"",""coordinates"":[]}"
1_1_1_1_1_2_71,0.7464629461786644,0.7966983264919484,2020-01-17,MODIS_MOD13Q1_250m,SHO_Mukurthi,2016-01-01,"{""type"":""MultiPoint"",""coordinates"":[]}"
1_1_1_1_1_2_72,0.6862839132975691,0.6453838811630849,2020-02-02,MODIS_MOD13Q1_250m,SHO_Mukurthi,2016-01-01,"{""type"":""MultiPoint"",""coordinates"":[]}"
1_1_1_1_1_2_73,0.6559956595027393,0.6167695322376741,2020-02-18,MODIS_MOD13Q1_250m,SHO_Mukurthi,2016-01-01,"{""type"":""MultiPoint"",""coordinates"":[]}"
1_1_1_1_1_2_74,0.6490311841550781,0.705833565107459,2020-03-05,MODIS_MOD13Q1_250m,SHO_Mukurthi,2016-01-01,"{""type"":""MultiPoint"",""coordinates"":[]}"
1_1_1_1_1_2_75,0.6958017699115046,0.6244904551201013,2020-03-21,MODIS_MOD13Q1_250m,SHO_Mukurthi,2016-01-01,"{""type"":""MultiPoint"",""coordinates"":[]}"
1_1_1_1_1_2_76,0.6789656763590394,0.7570812895069535,2020-04-06,MODIS_MOD13Q1_250m,SHO_Mukurthi,2016-01-01,"{""type"":""MultiPoint"",""coordinates"":[]}"
1_1_1_1_1_2_77,0.6669825206469985,0.6553252844500633,2020-04-22,MODIS_MOD13Q1_250m,SHO_Mukurthi,2016-01-01,"{""type"":""MultiPoint"",""coordinates"":[]}"
1_1_1_1_1_2_78,0.5594585314893136,0.5885409879839787,2020-05-08,MODIS_MOD13Q1_250m,SHO_Mukurthi,2016-01-01,"{""type"":""MultiPoint"",""coordinates"":[]}"
1_1_1_1_1_2_79,0.5399452271783017,0.43450932203389836,2020-05-24,MODIS_MOD13Q1_250m,SHO_Mukurthi,2016-01-01,"{""type"":""MultiPoint"",""coordinates"":[]}"
1_1_1_1_1_2_80,0.5706721367923974,0.596785371517028,2020-08-12,MODIS_MOD13Q1_250m,SHO_Mukurthi,2016-01-01,"{""type"":""MultiPoint"",""coordinates"":[]}"
1_1_1_1_1_2_81,0.6603271731477225,0.6807217168262655,2020-08-28,MODIS_MOD13Q1_250m,SHO_Mukurthi,2016-01-01,"{""type"":""MultiPoint"",""coordinates"":[]}"
1_1_1_1_1_2_82,0.7092633933777585,0.7034744310998738,2020-09-29,MODIS_MOD13Q1_250m,SHO_Mukurthi,2016-01-01,"{""type"":""MultiPoint"",""coordinates"":[]}"
1_1_1_1_1_2_83,0.7495789309855069,0.7435940322071362,2020-10-15,MODIS_MOD13Q1_250m,SHO_Mukurthi,2016-01-01,"{""type"":""MultiPoint"",""coordinates"":[]}"
1_1_1_1_1_2_84,0.7865765919376907,0.8016683296495106,2020-10-31,MODIS_MOD13Q1_250m,SHO_Mukurthi,2016-01-01,"{""type"":""MultiPoint"",""coordinates"":[]}"
1_1_1_1_1_2_85,0.803329119858506,0.8144674139564256,2020-11-16,MODIS_MOD13Q1_250m,SHO_Mukurthi,2016-01-01,"{""type"":""MultiPoint"",""coordinates"":[]}"
1_1_1_1_1_2_86,0.7974808046521419,0.7938516159695819,2020-12-02,MODIS_MOD13Q1_250m,SHO_Mukurthi,2016-01-01,"{""type"":""MultiPoint"",""coordinates"":[]}"
1_1_1_1_1_2_87,0.7956602696500287,0.7841233840304183,2020-12-18,MODIS_MOD13Q1_250m,SHO_Mukurthi,2016-01-01,"{""type"":""MultiPoint"",""coordinates"":[]}"
1_1_1_1_1_2_88,0.7993469902293713,0.809005808950086,2021-01-01,MODIS_MOD13Q1_250m,SHO_Mukurthi,2016-01-01,"{""type"":""MultiPoint"",""coordinates"":[]}"
1_1_1_1_1_2_89,0.7903603291387431,0.8049117777076096,2021-01-17,MODIS_MOD13Q1_250m,SHO_Mukurthi,2016-01-01,"{""type"":""MultiPoint"",""coordinates"":[]}"
1_1_1_1_1_2_90,0.7600321602051072,0.7571634007585337,2021-02-02,MODIS_MOD13Q1_250m,SHO_Mukurthi,2016-01-01,"{""type"":""MultiPoint"",""coordinates"":[]}"
1_1_1_1_1_2_91,0.7253192161820482,0.7180213021491785,2021-02-18,MODIS_MOD13Q1_250m,SHO_Mukurthi,2016-01-01,"{""type"":""MultiPoint"",""coordinates"":[]}"
1_1_1_1_1_2_92,0.6987051727770757,0.7007729456384327,2021-03-06,MODIS_MOD13Q1_250m,SHO_Mukurthi,2016-01-01,"{""type"":""MultiPoint"",""coordinates"":[]}"
1_1_1_1_1_2_93,0.6922561209439531,0.677321270543616,2021-03-22,MODIS_MOD13Q1_250m,SHO_Mukurthi,2016-01-01,"{""type"":""MultiPoint"",""coordinates"":[]}"
1_1_1_1_1_2_94,0.7077887800252847,0.6986741466498105,2021-04-07,MODIS_MOD13Q1_250m,SHO_Mukurthi,2016-01-01,"{""type"":""MultiPoint"",""coordinates"":[]}"
1_1_1_1_1_2_95,0.7002217762326172,0.7473709228824275,2021-05-09,MODIS_MOD13Q1_250m,SHO_Mukurthi,2016-01-01,"{""type"":""MultiPoint"",""coordinates"":[]}"
1_1_1_1_1_2_96,0.7284635377159715,0.6546202591656132,2021-05-25,MODIS_MOD13Q1_250m,SHO_Mukurthi,2016-01-01,"{""type"":""MultiPoint"",""coordinates"":[]}"
1_1_1_1_1_2_97,0.7181120733249055,0.7833994310998739,2021-06-10,MODIS_MOD13Q1_250m,SHO_Mukurthi,2016-01-01,"{""type"":""MultiPoint"",""coordinates"":[]}"
1_1_1_1_1_2_98,0.7433680850411615,0.7163165297092291,2021-06-26,MODIS_MOD13Q1_250m,SHO_Mukurthi,2016-01-01,"{""type"":""MultiPoint"",""coordinates"":[]}"
1_1_1_1_1_2_99,0.7343291087244078,0.7303882943143812,2021-08-29,MODIS_MOD13Q1_250m,SHO_Mukurthi,2016-01-01,"{""type"":""MultiPoint"",""coordinates"":[]}"
1_1_1_1_1_2_100,0.7357653111084361,0.756282502149613,2021-09-14,MODIS_MOD13Q1_250m,SHO_Mukurthi,2016-01-01,"{""type"":""MultiPoint"",""coordinates"":[]}"
1_1_1_1_1_2_101,0.7545680973316079,0.720625136861314,2021-10-16,MODIS_MOD13Q1_250m,SHO_Mukurthi,2016-01-01,"{""type"":""MultiPoint"",""coordinates"":[]}"
1_1_1_1_1_2_102,0.749447609711817,0.7867966529838963,2021-11-17,MODIS_MOD13Q1_250m,SHO_Mukurthi,2016-01-01,"{""type"":""MultiPoint"",""coordinates"":[]}"
1_1_1_1_1_2_103,0.7596861361234871,0.7409210392902408,2021-12-03,MODIS_MOD13Q1_250m,SHO_Mukurthi,2016-01-01,"{""type"":""MultiPoint"",""coordinates"":[]}"
1_1_1_1_1_2_104,0.7470669802451587,0.7513407160963245,2021-12-19,MODIS_MOD13Q1_250m,SHO_Mukurthi,2016-01-01,"{""type"":""MultiPoint"",""coordinates"":[]}"
1_1_1_1_1_2_105,0.758212929994428,0.7489391853489107,2022-01-01,MODIS_MOD13Q1_250m,SHO_Mukurthi,2016-01-01,"{""type"":""MultiPoint"",""coordinates"":[]}"
1_1_1_1_1_2_106,0.7420944380297451,0.7743588885380488,2022-01-17,MODIS_MOD13Q1_250m,SHO_Mukurthi,2016-01-01,"{""type"":""MultiPoint"",""coordinates"":[]}"
1_1_1_1_1_2_107,0.7217041954629572,0.7029852402022758,2022-02-02,MODIS_MOD13Q1_250m,SHO_Mukurthi,2016-01-01,"{""type"":""MultiPoint"",""coordinates"":[]}"
1_1_1_1_1_2_108,0.688343109987358,0.6877684576485465,2022-02-18,MODIS_MOD13Q1_250m,SHO_Mukurthi,2016-01-01,"{""type"":""MultiPoint"",""coordinates"":[]}"
1_1_1_1_1_2_109,0.6891124525916563,0.6742756321112519,2022-03-06,MODIS_MOD13Q1_250m,SHO_Mukurthi,2016-01-01,"{""type"":""MultiPoint"",""coordinates"":[]}"
1_1_1_1_1_2_110,0.6984883375474086,0.7052932680151708,2022-03-22,MODIS_MOD13Q1_250m,SHO_Mukurthi,2016-01-01,"{""type"":""MultiPoint"",""coordinates"":[]}"
1_1_1_1_1_2_111,0.7159349768225877,0.715896112515803,2022-04-07,MODIS_MOD13Q1_250m,SHO_Mukurthi,2016-01-01,"{""type"":""MultiPoint"",""coordinates"":[]}"
1_1_1_1_1_2_112,0.7237558744733078,0.726615549936789,2022-04-23,MODIS_MOD13Q1_250m,SHO_Mukurthi,2016-01-01,"{""type"":""MultiPoint"",""coordinates"":[]}"
1_1_1_1_1_2_113,0.7428538727876778,0.7287559609673314,2022-05-09,MODIS_MOD13Q1_250m,SHO_Mukurthi,2016-01-01,"{""type"":""MultiPoint"",""coordinates"":[]}"
1_1_1_1_1_2_114,0.7521597107198881,0.773190107458913,2022-05-25,MODIS_MOD13Q1_250m,SHO_Mukurthi,2016-01-01,"{""type"":""MultiPoint"",""coordinates"":[]}"
1_1_1_1_1_2_115,0.7203297085360957,0.7545330637334198,2022-06-10,MODIS_MOD13Q1_250m,SHO_Mukurthi,2016-01-01,"{""type"":""MultiPoint"",""coordinates"":[]}"
1_1_1_1_1_2_116,0.6952729133401413,0.6332659544159545,2022-08-13,MODIS_MOD13Q1_250m,SHO_Mukurthi,2016-01-01,"{""type"":""MultiPoint"",""coordinates"":[]}"
1_1_1_1_1_2_117,0.6886994466808208,0.6980197218710494,2022-09-14,MODIS_MOD13Q1_250m,SHO_Mukurthi,2016-01-01,"{""type"":""MultiPoint"",""coordinates"":[]}"
1_1_1_1_1_2_118,0.7407993750655576,0.7348126637554585,2022-09-30,MODIS_MOD13Q1_250m,SHO_Mukurthi,2016-01-01,"{""type"":""MultiPoint"",""coordinates"":[]}"
1_1_1_1_1_2_119,0.7704507423778811,0.7895657395701646,2022-10-16,MODIS_MOD13Q1_250m,SHO_Mukurthi,2016-01-01,"{""type"":""MultiPoint"",""coordinates"":[]}"
1_1_1_1_1_2_120,0.7959427952024747,0.7869738238080202,2022-11-17,MODIS_MOD13Q1_250m,SHO_Mukurthi,2016-01-01,"{""type"":""MultiPoint"",""coordinates"":[]}"
1_1_1_1_1_2_121,0.7865845913491328,0.8112888222292389,2022-12-03,MODIS_MOD13Q1_250m,SHO_Mukurthi,2016-01-01,"{""type"":""MultiPoint"",""coordinates"":[]}"
1_1_1_1_1_2_122,0.7659178615312191,0.7614911280101395,2022-12-19,MODIS_MOD13Q1_250m,SHO_Mukurthi,2016-01-01,"{""type"":""MultiPoint"",""coordinates"":[]}"
1_1_1_1_1_2_123,0.7477078099577005,0.7249736343542786,2023-01-01,MODIS_MOD13Q1_250m,SHO_Mukurthi,2016-01-01,"{""type"":""MultiPoint"",""coordinates"":[]}"
1_1_1_1_1_2_124,0.7438322590702079,0.7566586675086835,2023-01-17,MODIS_MOD13Q1_250m,SHO_Mukurthi,2016-01-01,"{""type"":""MultiPoint"",""coordinates"":[]}"
1_1_1_1_1_2_125,0.7193340206487017,0.7498644753476617,2023-02-02,MODIS_MOD13Q1_250m,SHO_Mukurthi,2016-01-01,"{""type"":""MultiPoint"",""coordinates"":[]}"
1_1_1_1_1_2_126,0.6892941424357356,0.6514789190897601,2023-02-18,MODIS_MOD13Q1_250m,SHO_Mukurthi,2016-01-01,"{""type"":""MultiPoint"",""coordinates"":[]}"
1_1_1_1_1_2_127,0.6426603350189636,0.6665390328697853,2023-03-06,MODIS_MOD13Q1_250m,SHO_Mukurthi,2016-01-01,"{""type"":""MultiPoint"",""coordinates"":[]}"
1_1_1_1_1_2_128,0.6571354298356513,0.6099630530973452,2023-03-22,MODIS_MOD13Q1_250m,SHO_Mukurthi,2016-01-01,"{""type"":""MultiPoint"",""coordinates"":[]}"
1_1_1_1_1_2_129,0.6594738839429181,0.6949042035398233,2023-04-07,MODIS_MOD13Q1_250m,SHO_Mukurthi,2016-01-01,"{""type"":""MultiPoint"",""coordinates"":[]}"
1_1_1_1_1_2_130,0.7142189640103433,0.6735543951915854,2023-04-23,MODIS_MOD13Q1_250m,SHO_Mukurthi,2016-01-01,"{""type"":""MultiPoint"",""coordinates"":[]}"
1_1_1_1_1_2_131,0.6889455827826901,0.7741982932996211,2023-05-09,MODIS_MOD13Q1_250m,SHO_Mukurthi,2016-01-01,"{""type"":""MultiPoint"",""coordinates"":[]}"
1_1_1_1_1_2_132,0.7214972427188284,0.619084059856864,2023-05-25,MODIS_MOD13Q1_250m,SHO_Mukurthi,2016-01-01,"{""type"":""MultiPoint"",""coordinates"":[]}"
1_1_1_1_1_2_133,0.7078789957740327,0.7712093750000001,2023-06-10,MODIS_MOD13Q1_250m,SHO_Mukurthi,2016-01-01,"{""type"":""MultiPoint"",""coordinates"":[]}"
1_1_1_1_1_2_134,0.749332623525074,0.7333435524652341,2023-07-28,MODIS_MOD13Q1_250m,SHO_Mukurthi,2016-01-01,"{""type"":""MultiPoint"",""coordinates"":[]}"
1_1_1_1_1_2_135,0.7124005267593766,0.7434449431099875,2023-08-13,MODIS_MOD13Q1_250m,SHO_Mukurthi,2016-01-01,"{""type"":""MultiPoint"",""coordinates"":[]}"
1_1_1_1_1_2_136,0.7124765341904271,0.660413084702908,2023-08-29,MODIS_MOD13Q1_250m,SHO_Mukurthi,2016-01-01,"{""type"":""MultiPoint"",""coordinates"":[]}"
1_1_1_1_1_2_137,0.7343843407643842,0.7335715747583856,2023-09-14,MODIS_MOD13Q1_250m,SHO_Mukurthi,2016-01-01,"{""type"":""MultiPoint"",""coordinates"":[]}"
1_1_1_1_1_2_138,0.7878968776375405,0.8091683628318588,2023-09-30,MODIS_MOD13Q1_250m,SHO_Mukurthi,2016-01-01,"{""type"":""MultiPoint"",""coordinates"":[]}"
1_1_1_1_1_2_139,0.818999037698607,0.8209506953223771,2023-10-16,MODIS_MOD13Q1_250m,SHO_Mukurthi,2016-01-01,"{""type"":""MultiPoint"",""coordinates"":[]}"
1_1_1_1_1_2_140,0.8240773973356456,0.8268780549415853,2023-11-01,MODIS_MOD13Q1_250m,SHO_Mukurthi,2016-01-01,"{""type"":""MultiPoint"",""coordinates"":[]}"
1_1_1_1_1_2_141,0.8183035280456771,0.8244034417429744,2023-11-17,MODIS_MOD13Q1_250m,SHO_Mukurthi,2016-01-01,"{""type"":""MultiPoint"",""coordinates"":[]}"
1_1_1_1_1_2_142,0.8176804987474467,0.8036290874524715,2023-12-03,MODIS_MOD13Q1_250m,SHO_Mukurthi,2016-01-01,"{""type"":""MultiPoint"",""coordinates"":[]}"
1_1_1_1_1_2_143,0.8235788989158501,0.8250089670468946,2023-12-19,MODIS_MOD13Q1_250m,SHO_Mukurthi,2016-01-01,"{""type"":""MultiPoint"",""coordinates"":[]}"
1_1_1_1_1_2_144,0.8276884747539749,0.8420986422481843,2024-01-01,MODIS_MOD13Q1_250m,SHO_Mukurthi,2016-01-01,"{""type"":""MultiPoint"",""coordinates"":[]}"
1_1_1_1_1_2_145,0.805129712455579,0.8159578149668456,2024-01-17,MODIS_MOD13Q1_250m,SHO_Mukurthi,2016-01-01,"{""type"":""MultiPoint"",""coordinates"":[]}"
1_1_1_1_1_2_146,0.7833923226459231,0.7573326801517071,2024-02-02,MODIS_MOD13Q1_250m,SHO_Mukurthi,2016-01-01,"{""type"":""MultiPoint"",""coordinates"":[]}"
1_1_1_1_1_2_147,0.7626264643910665,0.7768864728192165,2024-02-18,MODIS_MOD13Q1_250m,SHO_Mukurthi,2016-01-01,"{""type"":""MultiPoint"",""coordinates"":[]}"
1_1_1_1_1_2_148,0.7555442161820484,0.753660240202276,2024-03-05,MODIS_MOD13Q1_250m,SHO_Mukurthi,2016-01-01,"{""type"":""MultiPoint"",""coordinates"":[]}"
1_1_1_1_1_2_149,0.6866065634218291,0.7360859355246527,2024-03-21,MODIS_MOD13Q1_250m,SHO_Mukurthi,2016-01-01,"{""type"":""MultiPoint"",""coordinates"":[]}"
1_1_1_1_1_2_150,0.6391549620733251,0.5700735145385589,2024-04-06,MODIS_MOD13Q1_250m,SHO_Mukurthi,2016-01-01,"{""type"":""MultiPoint"",""coordinates"":[]}"
1_1_1_1_1_2_151,0.6104935251702281,0.6113054361567637,2024-04-22,MODIS_MOD13Q1_250m,SHO_Mukurthi,2016-01-01,"{""type"":""MultiPoint"",""coordinates"":[]}"
1_1_1_1_1_2_152,0.647096000939297,0.650101624815362,2024-05-24,MODIS_MOD13Q1_250m,SHO_Mukurthi,2016-01-01,"{""type"":""MultiPoint"",""coordinates"":[]}"
1_1_1_1_1_2_153,0.6614625222203757,0.6798809418457652,2024-06-09,MODIS_MOD13Q1_250m,SHO_Mukurthi,2016-01-01,"{""type"":""MultiPoint"",""coordinates"":[]}"
1_1_1_1_1_2_154,0.6470263579425203,0.6544050000000001,2024-06-25,MODIS_MOD13Q1_250m,SHO_Mukurthi,2016-01-01,"{""type"":""MultiPoint"",""coordinates"":[]}"
1_1_1_1_1_2_155,0.6695667919922464,0.6067931319817956,2024-08-12,MODIS_MOD13Q1_250m,SHO_Mukurthi,2016-01-01,"{""type"":""MultiPoint"",""coordinates"":[]}"
1_1_1_1_1_2_156,0.682796013211208,0.7475022439949434,2024-09-13,MODIS_MOD13Q1_250m,SHO_Mukurthi,2016-01-01,"{""type"":""MultiPoint"",""coordinates"":[]}"
1_1_1_1_1_2_157,0.7237597344212792,0.6940926636568849,2024-09-29,MODIS_MOD13Q1_250m,SHO_Mukurthi,2016-01-01,"{""type"":""MultiPoint"",""coordinates"":[]}"
1_1_1_1_1_2_158,0.7301221343369977,0.7296842956120092,2024-10-15,MODIS_MOD13Q1_250m,SHO_Mukurthi,2016-01-01,"{""type"":""MultiPoint"",""coordinates"":[]}"
1_1_1_1_1_2_159,0.7824936777743879,0.7665894437420989,2024-10-31,MODIS_MOD13Q1_250m,SHO_Mukurthi,2016-01-01,"{""type"":""MultiPoint"",""coordinates"":[]}"
1_1_1_1_1_2_160,0.8062258665205327,0.8512072939690558,2024-11-16,MODIS_MOD13Q1_250m,SHO_Mukurthi,2016-01-01,"{""type"":""MultiPoint"",""coordinates"":[]}"
1_1_1_1_1_2_161,0.7994667076602836,0.8008808618504435,2024-12-02,MODIS_MOD13Q1_250m,SHO_Mukurthi,2016-01-01,"{""type"":""MultiPoint"",""coordinates"":[]}"
1_1_1_1_1_2_162,0.7720769189228163,0.7463119671613514,2024-12-18,MODIS_MOD13Q1_250m,SHO_Mukurthi,2016-01-01,"{""type"":""MultiPoint"",""coordinates"":[]}"
1_1_1_1_1_2_163,0.7306944655515549,0.769037927756654,2025-01-01,MODIS_MOD13Q1_250m,SHO_Mukurthi,2016-01-01,"{""type"":""MultiPoint"",""coordinates"":[]}"
1_1_1_1_1_2_164,0.7105126003915766,0.6767335017366595,2025-01-17,MODIS_MOD13Q1_250m,SHO_Mukurthi,2016-01-01,"{""type"":""MultiPoint"",""coordinates"":[]}"
1_1_1_1_1_2_165,0.6846039085013477,0.6857663716814163,2025-02-02,MODIS_MOD13Q1_250m,SHO_Mukurthi,2016-01-01,"{""type"":""MultiPoint"",""coordinates"":[]}"
1_1_1_1_1_2_166,0.6917875684787193,0.6913118520859673,2025-02-18,MODIS_MOD13Q1_250m,SHO_Mukurthi,2016-01-01,"{""type"":""MultiPoint"",""coordinates"":[]}"
1_1_1_1_1_2_167,0.7063936156763594,0.698284481668774,2025-03-06,MODIS_MOD13Q1_250m,SHO_Mukurthi,2016-01-01,"{""type"":""MultiPoint"",""coordinates"":[]}"
1_1_1_1_1_2_168,0.7098357142857146,0.7295845132743366,2025-03-22,MODIS_MOD13Q1_250m,SHO_Mukurthi,2016-01-01,"{""type"":""MultiPoint"",""coordinates"":[]}"
1_1_1_1_1_2_169,0.7140725979772443,0.701638147914033,2025-04-07,MODIS_MOD13Q1_250m,SHO_Mukurthi,2016-01-01,"{""type"":""MultiPoint"",""coordinates"":[]}"
1_1_1_1_1_2_170,0.7128120943952805,0.7109951327433632,2025-04-23,MODIS_MOD13Q1_250m,SHO_Mukurthi,2016-01-01,"{""type"":""MultiPoint"",""coordinates"":[]}"
1_1_1_1_1_2_171,0.717529298356511,0.7258030025284452,2025-05-09,MODIS_MOD13Q1_250m,SHO_Mukurthi,2016-01-01,"{""type"":""MultiPoint"",""coordinates"":[]}"
1_1_1_1_1_2_172,0.7306053308048884,0.7157897597977246,2025-05-25,MODIS_MOD13Q1_250m,SHO_Mukurthi,2016-01-01,"{""type"":""MultiPoint"",""coordinates"":[]}"
1_1_1_1_1_2_173,0.6735309730033104,0.7502232300884957,2025-07-28,MODIS_MOD13Q1_250m,SHO_Mukurthi,2016-01-01,"{""type"":""MultiPoint"",""coordinates"":[]}"
1_1_1_1_1_2_174,0.6546984824849793,0.5545799291237113,2025-08-13,MODIS_MOD13Q1_250m,SHO_Mukurthi,2016-01-01,"{""type"":""MultiPoint"",""coordinates"":[]}"
1_1_1_1_1_2_175,0.6585511478874234,0.6592922882427309,2025-08-29,MODIS_MOD13Q1_250m,SHO_Mukurthi,2016-01-01,"{""type"":""MultiPoint"",""coordinates"":[]}"
1_1_1_1_1_2_176,0.7208295933417617,0.7617812262958282,2025-09-30,MODIS_MOD13Q1_250m,SHO_Mukurthi,2016-01-01,"{""type"":""MultiPoint"",""coordinates"":[]}"
1_1_1_1_1_2_177,0.7632203546442846,0.7414152654867258,2025-10-16,MODIS_MOD13Q1_250m,SHO_Mukurthi,2016-01-01,"{""type"":""MultiPoint"",""coordinates"":[]}"
1_1_1_1_1_2_178,0.7693308121036165,0.7864645721503,2025-11-01,MODIS_MOD13Q1_250m,SHO_Mukurthi,2016-01-01,"{""type"":""MultiPoint"",""coordinates"":[]}"
1_1_1_1_1_2_179,0.787946531944006,0.780112598673824,2025-11-17,MODIS_MOD13Q1_250m,SHO_Mukurthi,2016-01-01,"{""type"":""MultiPoint"",""coordinates"":[]}"
1_1_1_1_1_2_180,0.7794051409737538,0.7972624250078939,2025-12-03,MODIS_MOD13Q1_250m,SHO_Mukurthi,2016-01-01,"{""type"":""MultiPoint"",""coordinates"":[]}"
1_1_1_1_1_2_181,0.7790514121237186,0.7608403992395435,2025-12-19,MODIS_MOD13Q1_250m,SHO_Mukurthi,2016-01-01,"{""type"":""MultiPoint"",""coordinates"":[]}"
